,Classifier,Accuracy,Precision,Recall,F1-Score
0,Decision Tree,0.7827976499049594,0.7843297322351148,0.7830065931596916,0.7825843749700346
1,Random Forest,0.7928028339381372,0.7953323253566111,0.7930682693574438,0.7924545879740759
